epoch,time,train/loss,metrics/accuracy_top1,metrics/accuracy_top5,val/loss,lr/pg0,lr/pg1,lr/pg2
1,15.2582,1.84792,0,0.47143,3.53833,0.00021728,0.00021728,0.00021728
2,35.0858,1.11529,0,0.55,4.96782,0.000425106,0.000425106,0.000425106
3,47.0568,0.90509,0.01429,0.55,5.53721,0.000618258,0.000618258,0.000618258
4,60.1243,0.79022,0.00714,0.52143,6.35619,0.000600967,0.000600967,0.000600967
5,72.9536,0.70842,0,0.32143,7.03066,0.000578956,0.000578956,0.000578956
6,85.5757,0.66572,0,0.29286,7.24094,0.000556945,0.000556945,0.000556945
7,97.9075,0.62634,0,0.29286,7.63628,0.000534934,0.000534934,0.000534934
8,110.214,0.54848,0.00714,0.27143,7.5707,0.000512923,0.000512923,0.000512923
9,121.944,0.54635,0,0.27143,8.30212,0.000490912,0.000490912,0.000490912
10,133.395,0.47198,0.00714,0.25714,8.68797,0.000468901,0.000468901,0.000468901
11,144.847,0.42294,0,0.22857,8.63993,0.00044689,0.00044689,0.00044689
12,156.415,0.46166,0,0.22857,9.25566,0.000424879,0.000424879,0.000424879
13,167.859,0.40278,0.00714,0.27857,8.81467,0.000402868,0.000402868,0.000402868
14,179.329,0.34984,0,0.26429,8.88896,0.000380857,0.000380857,0.000380857
15,190.811,0.34235,0,0.2,9.49035,0.000358846,0.000358846,0.000358846
16,202.257,0.34673,0,0.2,9.34198,0.000336835,0.000336835,0.000336835
17,213.688,0.32576,0,0.2,9.58177,0.000314824,0.000314824,0.000314824
18,225.176,0.31449,0.00714,0.23571,9.06408,0.000292813,0.000292813,0.000292813
19,236.638,0.29376,0,0.19286,9.41844,0.000270802,0.000270802,0.000270802
20,248.089,0.2995,0,0.24286,9.4669,0.000248791,0.000248791,0.000248791
21,259.604,0.26529,0,0.23571,9.7869,0.00022678,0.00022678,0.00022678
22,271.03,0.27927,0,0.22857,10.1158,0.000204769,0.000204769,0.000204769
23,282.496,0.26789,0,0.22857,10.3215,0.000182758,0.000182758,0.000182758
24,294.013,0.24223,0,0.20714,10.1716,0.000160747,0.000160747,0.000160747
25,305.379,0.2586,0,0.20714,9.89921,0.000138736,0.000138736,0.000138736
26,317.008,0.21783,0.00714,0.22143,10.3407,0.000116725,0.000116725,0.000116725
27,328.431,0.21558,0.00714,0.20714,10.3137,9.4714e-05,9.4714e-05,9.4714e-05
28,339.99,0.23817,0,0.2,10.5073,7.2703e-05,7.2703e-05,7.2703e-05
29,351.527,0.23949,0.00714,0.2,10.2993,5.0692e-05,5.0692e-05,5.0692e-05
30,364.045,0.2018,0,0.20714,10.6136,2.8681e-05,2.8681e-05,2.8681e-05
