epoch,time,train/box_loss,train/seg_loss,train/cls_loss,train/dfl_loss,train/sem_loss,metrics/precision(B),metrics/recall(B),metrics/mAP50(B),metrics/mAP50-95(B),metrics/precision(M),metrics/recall(M),metrics/mAP50(M),metrics/mAP50-95(M),val/box_loss,val/seg_loss,val/cls_loss,val/dfl_loss,val/sem_loss,lr/pg0,lr/pg1,lr/pg2
1,460.446,0.45044,0.72091,0.73136,0.95297,0,0.75283,0.75788,0.79976,0.70002,0.79145,0.71752,0.78966,0.66597,0.63282,1.40141,1.04538,1.06377,0,0.000363072,0.000363072,0.000363072
2,914.776,0.47963,0.75296,0.76965,0.95998,0,0.76479,0.68567,0.76858,0.66227,0.7726,0.68613,0.76858,0.62831,0.65862,1.33782,1.00101,1.07041,0,0.000726145,0.000726145,0.000726145
3,1369.21,0.49625,0.80267,0.79644,0.96924,0,0.73288,0.74496,0.77028,0.65849,0.73121,0.739,0.75951,0.61778,0.65481,1.37112,1.03619,1.07836,0,0.00108188,0.00108188,0.00108188
4,1822,0.5324,0.87993,0.86885,0.99309,0,0.6938,0.65626,0.72947,0.61442,0.74935,0.62013,0.72695,0.56234,0.69541,1.56679,1.12671,1.10174,0,0.001078,0.001078,0.001078
5,2273.88,0.52891,0.83359,0.8646,0.98367,0,0.73767,0.66898,0.73874,0.60778,0.74751,0.65573,0.72338,0.56564,0.73909,1.60233,1.12592,1.14945,0,0.001067,0.001067,0.001067
6,2726.4,0.52426,0.86464,0.84061,0.98814,0,0.76047,0.70988,0.76326,0.65569,0.75576,0.70544,0.75672,0.6163,0.68539,1.49103,1.03129,1.10919,0,0.00105601,0.00105601,0.00105601
7,3190.43,0.52395,0.85926,0.83763,0.98291,0,0.6796,0.67693,0.70054,0.59969,0.67962,0.67789,0.6969,0.55194,0.6803,1.56317,1.11905,1.09538,0,0.00104501,0.00104501,0.00104501
8,3719.23,0.54472,0.87053,0.87284,1.00409,0,0.74399,0.66741,0.71664,0.59849,0.74004,0.66366,0.70647,0.56196,0.74572,1.70147,1.27163,1.15946,0,0.00103401,0.00103401,0.00103401
9,4227.37,0.51086,0.82674,0.83244,0.97628,0,0.76203,0.70958,0.77006,0.65718,0.7589,0.71744,0.76914,0.63516,0.66829,1.35882,1.13089,1.09536,0,0.00102301,0.00102301,0.00102301
10,4731.37,0.50474,0.8114,0.80396,0.9763,0,0.74001,0.68755,0.74542,0.63974,0.73913,0.68699,0.73908,0.60261,0.70213,1.59102,1.11866,1.12273,0,0.00101201,0.00101201,0.00101201
11,5237.97,0.5038,0.79161,0.79173,0.96936,0,0.72015,0.73088,0.74786,0.63861,0.71942,0.73046,0.74319,0.59525,0.67176,1.46553,0.98909,1.09007,0,0.00100101,0.00100101,0.00100101
12,5742.38,0.5063,0.81222,0.82404,0.97762,0,0.71102,0.65432,0.71988,0.60213,0.65532,0.6742,0.70856,0.55701,0.67408,1.52232,1.04134,1.09057,0,0.000990012,0.000990012,0.000990012
13,6242.21,0.50286,0.78694,0.78683,0.97081,0,0.76533,0.7121,0.7652,0.65842,0.77518,0.7033,0.75698,0.61338,0.67338,1.41187,1.02828,1.0807,0,0.000979013,0.000979013,0.000979013
14,6677.65,0.51577,0.83322,0.82523,0.98647,0,0.70428,0.71738,0.74656,0.65148,0.72815,0.68807,0.74254,0.60518,0.65453,1.40259,1.02841,1.05237,0,0.000968014,0.000968014,0.000968014
15,7110.5,0.49903,0.81949,0.79071,0.97514,0,0.68091,0.70145,0.72423,0.61059,0.6774,0.69862,0.71205,0.57716,0.74683,1.61306,1.33347,1.12304,0,0.000957015,0.000957015,0.000957015
16,7546.81,0.51273,0.83837,0.80108,0.98102,0,0.76337,0.73026,0.7707,0.65981,0.7667,0.73272,0.77663,0.64738,0.67066,1.32537,1.0155,1.06615,0,0.000946016,0.000946016,0.000946016
17,7983.43,0.48882,0.76686,0.75246,0.96212,0,0.74199,0.73926,0.77698,0.66547,0.72148,0.73294,0.76389,0.62772,0.64163,1.36487,0.97334,1.04914,0,0.000935018,0.000935018,0.000935018
18,8420.09,0.49768,0.79319,0.76799,0.97017,0,0.81379,0.77577,0.8112,0.70833,0.81007,0.7756,0.81094,0.66999,0.66195,1.34773,0.96201,1.08193,0,0.000924019,0.000924019,0.000924019
19,8855.13,0.48728,0.78669,0.75336,0.96707,0,0.76213,0.71647,0.78373,0.68626,0.76398,0.71776,0.77535,0.64656,0.6424,1.36795,0.95859,1.05091,0,0.00091302,0.00091302,0.00091302
20,9291.42,0.48905,0.78445,0.77434,0.96486,0,0.73692,0.76672,0.79163,0.6874,0.73227,0.7595,0.78487,0.65238,0.64076,1.23076,0.93281,1.0546,0,0.000902021,0.000902021,0.000902021
21,9727.88,0.49333,0.78813,0.75249,0.9693,0,0.75826,0.71117,0.76311,0.65295,0.75509,0.70818,0.75995,0.62966,0.68848,1.38152,1.05225,1.08978,0,0.000891022,0.000891022,0.000891022
22,10165,0.49245,0.77242,0.75537,0.9621,0,0.81616,0.70303,0.79315,0.69615,0.73932,0.77081,0.789,0.66499,0.63361,1.31259,1.01585,1.04599,0,0.000880023,0.000880023,0.000880023
23,10605.4,0.48798,0.77038,0.73803,0.96209,0,0.73603,0.78099,0.79383,0.70175,0.73904,0.78114,0.79574,0.66263,0.62464,1.29017,0.99302,1.03844,0,0.000869024,0.000869024,0.000869024
24,11039.8,0.4841,0.76697,0.74138,0.9594,0,0.77657,0.77043,0.80579,0.70603,0.77603,0.77056,0.8081,0.67428,0.63407,1.22221,0.90865,1.04913,0,0.000858025,0.000858025,0.000858025
25,11474.9,0.48376,0.75208,0.73484,0.95833,0,0.77263,0.70372,0.76004,0.66123,0.7616,0.69919,0.74832,0.61539,0.65249,1.48313,1.05278,1.05156,0,0.000847026,0.000847026,0.000847026
26,11911.4,0.47682,0.75579,0.72692,0.95278,0,0.78196,0.75293,0.81053,0.70568,0.78029,0.75044,0.80394,0.67655,0.63569,1.25701,0.93618,1.05715,0,0.000836027,0.000836027,0.000836027
27,12346.8,0.47733,0.74337,0.70409,0.9547,0,0.77119,0.77851,0.80874,0.71393,0.76567,0.78599,0.81158,0.67304,0.66792,1.36225,0.94081,1.09074,0,0.000825029,0.000825029,0.000825029
28,12780.7,0.4777,0.76075,0.70659,0.95813,0,0.75426,0.77344,0.7936,0.69309,0.75387,0.7736,0.78706,0.65613,0.63831,1.35887,0.96778,1.05661,0,0.00081403,0.00081403,0.00081403
29,13215.2,0.46535,0.72987,0.71673,0.95068,0,0.83052,0.73118,0.83163,0.72707,0.83716,0.72563,0.8272,0.69959,0.63099,1.21504,0.90357,1.04266,0,0.000803031,0.000803031,0.000803031
30,13650.4,0.4707,0.73002,0.70869,0.94999,0,0.70976,0.80781,0.80883,0.70176,0.70567,0.80302,0.8004,0.67766,0.64669,1.26135,1.02825,1.05411,0,0.000792032,0.000792032,0.000792032
31,14086.3,0.4703,0.75078,0.71161,0.95241,0,0.71661,0.76725,0.78262,0.6877,0.76011,0.73165,0.77757,0.64872,0.63811,1.31654,0.97557,1.06196,0,0.000781033,0.000781033,0.000781033
32,14522.1,0.47101,0.74542,0.70081,0.95174,0,0.76119,0.74496,0.80915,0.71733,0.7705,0.74338,0.81014,0.68453,0.60733,1.21726,0.98926,1.02952,0,0.000770034,0.000770034,0.000770034
33,14957.6,0.47353,0.74037,0.70039,0.95344,0,0.7877,0.75479,0.80288,0.71157,0.782,0.74805,0.79616,0.67226,0.62794,1.34063,0.95081,1.04986,0,0.000759035,0.000759035,0.000759035
34,15393.6,0.46432,0.73438,0.68052,0.95145,0,0.83001,0.73118,0.81421,0.71926,0.83324,0.73173,0.81348,0.68877,0.60968,1.27236,0.88704,1.0398,0,0.000748036,0.000748036,0.000748036
35,15829.7,0.46247,0.70947,0.67391,0.94398,0,0.75604,0.73226,0.78536,0.68582,0.76933,0.73854,0.78479,0.65665,0.62565,1.2995,0.99988,1.04556,0,0.000737037,0.000737037,0.000737037
36,16265.8,0.45756,0.72268,0.67592,0.94328,0,0.79715,0.71992,0.81264,0.71489,0.78408,0.72104,0.8055,0.67943,0.59883,1.23102,0.9165,1.03459,0,0.000726038,0.000726038,0.000726038
37,16702.4,0.45166,0.70482,0.65734,0.94102,0,0.76826,0.79973,0.81488,0.72319,0.77247,0.80417,0.81444,0.69308,0.60084,1.22588,0.93875,1.03394,0,0.00071504,0.00071504,0.00071504
38,17139.6,0.45243,0.7213,0.66452,0.94362,0,0.74528,0.7851,0.80692,0.71933,0.74754,0.78793,0.80563,0.68432,0.59292,1.188,0.93366,1.01173,0,0.000704041,0.000704041,0.000704041
39,17575,0.45633,0.71021,0.65205,0.94296,0,0.783,0.76449,0.82436,0.73037,0.79086,0.75683,0.81873,0.70374,0.61407,1.17213,0.83623,1.02347,0,0.000693042,0.000693042,0.000693042
40,18010.8,0.445,0.69798,0.63585,0.9385,0,0.79511,0.7683,0.80186,0.69966,0.8009,0.77177,0.80169,0.67692,0.6481,1.19944,0.91523,1.05096,0,0.000682043,0.000682043,0.000682043
41,18445.7,0.4543,0.7129,0.66743,0.94505,0,0.81836,0.7649,0.83438,0.74174,0.82183,0.76552,0.82945,0.71502,0.59917,1.20625,0.92125,1.02842,0,0.000671044,0.000671044,0.000671044
42,18880.7,0.45104,0.71778,0.6784,0.94217,0,0.8027,0.75704,0.81987,0.7201,0.80831,0.76252,0.82236,0.68845,0.61937,1.24932,0.90387,1.05026,0,0.000660045,0.000660045,0.000660045
43,19315.3,0.45569,0.72041,0.65259,0.94526,0,0.76758,0.79475,0.83305,0.74467,0.82869,0.74591,0.83253,0.71273,0.59501,1.26291,0.91,1.02015,0,0.000649046,0.000649046,0.000649046
44,19750.4,0.44285,0.69854,0.64436,0.93451,0,0.82144,0.77849,0.8188,0.723,0.82266,0.77954,0.8134,0.69314,0.59914,1.27593,0.86237,1.02163,0,0.000638047,0.000638047,0.000638047
45,20186.3,0.44577,0.69935,0.6245,0.94026,0,0.77962,0.78212,0.82928,0.73319,0.83531,0.73477,0.83231,0.70481,0.64647,1.31946,0.95373,1.0693,0,0.000627048,0.000627048,0.000627048
46,20626,0.44652,0.72772,0.66589,0.94478,0,0.8259,0.78155,0.80658,0.71957,0.83019,0.77293,0.80426,0.68728,0.60209,1.24522,0.93135,1.02052,0,0.000616049,0.000616049,0.000616049
47,21064.8,0.44968,0.70992,0.63149,0.94231,0,0.84377,0.77138,0.83733,0.73614,0.84544,0.77222,0.83237,0.70725,0.60205,1.21132,0.82816,1.02304,0,0.000605051,0.000605051,0.000605051
48,21499.5,0.4402,0.68932,0.63901,0.93731,0,0.81417,0.78695,0.82926,0.74317,0.81311,0.78396,0.82409,0.70771,0.58263,1.13401,0.85762,0.99445,0,0.000594052,0.000594052,0.000594052
49,21934,0.43285,0.67661,0.61773,0.93035,0,0.87227,0.75668,0.84388,0.75224,0.87997,0.75618,0.84536,0.72202,0.58541,1.14581,0.79455,1.02135,0,0.000583053,0.000583053,0.000583053
50,22368.9,0.43237,0.67547,0.61187,0.92966,0,0.81081,0.76823,0.82957,0.74234,0.81182,0.76928,0.83019,0.70713,0.59982,1.27033,0.84479,1.03054,0,0.000572054,0.000572054,0.000572054
51,22805.9,0.43131,0.6718,0.61495,0.92739,0,0.79778,0.78198,0.82785,0.74022,0.80378,0.78881,0.83065,0.70256,0.59054,1.22945,0.85395,1.01811,0,0.000561055,0.000561055,0.000561055
52,23242.2,0.43906,0.69258,0.61216,0.93239,0,0.81157,0.79339,0.83666,0.75199,0.82313,0.79396,0.83779,0.7104,0.5939,1.18991,0.86925,1.01434,0,0.000550056,0.000550056,0.000550056
53,23675.8,0.43294,0.66474,0.60543,0.93292,0,0.85122,0.77395,0.83911,0.75923,0.85225,0.77438,0.83799,0.72258,0.57751,1.19407,0.83244,1.01161,0,0.000539057,0.000539057,0.000539057
54,24111.7,0.43047,0.68124,0.61269,0.93132,0,0.83774,0.75824,0.82905,0.74219,0.85093,0.75289,0.82836,0.70424,0.57913,1.15044,0.82997,1.01953,0,0.000528058,0.000528058,0.000528058
55,24562.6,0.43595,0.67822,0.60868,0.93017,0,0.85737,0.74659,0.82066,0.73923,0.85553,0.74733,0.8173,0.70751,0.5787,1.14053,0.86302,0.9996,0,0.000517059,0.000517059,0.000517059
56,25121.2,0.4283,0.67788,0.60768,0.9316,0,0.82465,0.7631,0.83348,0.74278,0.82787,0.76541,0.8311,0.71014,0.58047,1.18877,0.81807,1.02612,0,0.00050606,0.00050606,0.00050606
57,25662,0.4354,0.67682,0.61057,0.93376,0,0.78922,0.76984,0.82406,0.73431,0.78387,0.7768,0.82081,0.70035,0.56395,1.1767,0.82085,0.99616,0,0.000495062,0.000495062,0.000495062
58,26230,0.43133,0.67471,0.60798,0.93432,0,0.81512,0.79361,0.84611,0.76049,0.81964,0.79137,0.84077,0.73188,0.5884,1.14567,0.84555,1.01956,0,0.000484063,0.000484063,0.000484063
59,26781,0.41907,0.65346,0.57835,0.92223,0,0.79754,0.81266,0.84174,0.75556,0.79594,0.80797,0.83515,0.72563,0.57554,1.19819,0.81297,1.00777,0,0.000473064,0.000473064,0.000473064
60,27327.2,0.42163,0.66784,0.58345,0.92628,0,0.83417,0.76504,0.83705,0.75116,0.83507,0.76609,0.83319,0.71767,0.56517,1.18359,0.8181,1.00681,0,0.000462065,0.000462065,0.000462065
61,27869.4,0.41824,0.65617,0.57951,0.9228,0,0.81385,0.77045,0.83692,0.75111,0.81304,0.76956,0.83167,0.7197,0.57085,1.16527,0.87802,1.00432,0,0.000451066,0.000451066,0.000451066
62,28410,0.42716,0.66143,0.5792,0.92638,0,0.82337,0.76384,0.82373,0.74471,0.82814,0.76635,0.82498,0.71394,0.56459,1.10254,0.90559,0.99483,0,0.000440067,0.000440067,0.000440067
63,28945.3,0.41521,0.64956,0.577,0.92637,0,0.85821,0.77374,0.82695,0.74737,0.85939,0.77233,0.82358,0.70785,0.55986,1.25336,0.83563,1.00239,0,0.000429068,0.000429068,0.000429068
64,29480.5,0.41637,0.65256,0.57624,0.92623,0,0.845,0.76923,0.84348,0.76776,0.85003,0.77081,0.84285,0.73218,0.55574,1.11569,0.80055,0.99604,0,0.000418069,0.000418069,0.000418069
65,30015.7,0.40897,0.63131,0.55226,0.91957,0,0.82583,0.78098,0.83249,0.75673,0.82466,0.7799,0.82978,0.72009,0.54571,1.1283,0.84273,0.9852,0,0.00040707,0.00040707,0.00040707
66,30548.8,0.4113,0.62675,0.56271,0.92049,0,0.84625,0.78182,0.84698,0.76768,0.83329,0.80018,0.84426,0.7343,0.56251,1.15375,0.85854,0.99644,0,0.000396071,0.000396071,0.000396071
67,31086.8,0.40988,0.63513,0.56418,0.92194,0,0.81026,0.79313,0.82715,0.75377,0.81274,0.79562,0.82773,0.71852,0.54508,1.11634,0.82076,0.98923,0,0.000385073,0.000385073,0.000385073
68,31533.5,0.40807,0.64364,0.55327,0.91965,0,0.80727,0.8015,0.83579,0.75567,0.80727,0.8015,0.83333,0.7255,0.56151,1.13811,0.86539,0.99308,0,0.000374074,0.000374074,0.000374074
69,31965.6,0.40885,0.64557,0.57343,0.92174,0,0.83113,0.76286,0.83451,0.75289,0.83239,0.76227,0.83118,0.72594,0.55385,1.10141,0.86741,0.97947,0,0.000363075,0.000363075,0.000363075
70,32399,0.41377,0.64761,0.55819,0.92058,0,0.81508,0.78299,0.84834,0.76975,0.81742,0.78549,0.84411,0.73671,0.54372,1.09624,0.76956,0.97617,0,0.000352076,0.000352076,0.000352076
71,32832.8,0.41394,0.6537,0.56002,0.92001,0,0.86519,0.77015,0.84388,0.76551,0.86519,0.77015,0.84142,0.73297,0.55308,1.12984,0.84582,0.98747,0,0.000341077,0.000341077,0.000341077
72,33266.3,0.40222,0.63103,0.54738,0.91787,0,0.87624,0.74648,0.8371,0.75986,0.88036,0.74883,0.83789,0.72798,0.54481,1.14581,0.80697,0.99146,0,0.000330078,0.000330078,0.000330078
73,33705.5,0.3973,0.61897,0.54084,0.91435,0,0.78677,0.79801,0.82649,0.75512,0.78988,0.80075,0.82623,0.72394,0.55123,1.10383,0.85458,0.9927,0,0.000319079,0.000319079,0.000319079
74,34260.1,0.4032,0.64329,0.55504,0.91408,0,0.84212,0.75065,0.83306,0.7563,0.84797,0.75332,0.8333,0.72217,0.54875,1.10529,0.84726,0.98101,0,0.00030808,0.00030808,0.00030808
75,34813.9,0.40316,0.62153,0.53381,0.91414,0,0.83461,0.78511,0.84579,0.77166,0.86293,0.7742,0.84711,0.74036,0.52857,1.07928,0.79422,0.96968,0,0.000297081,0.000297081,0.000297081
76,35290,0.39579,0.62828,0.52429,0.91315,0,0.87721,0.73256,0.83474,0.76297,0.87932,0.73469,0.83403,0.73187,0.53378,1.05772,0.81396,0.97902,0,0.000286083,0.000286083,0.000286083
77,35768.3,0.39603,0.62126,0.52105,0.91218,0,0.84061,0.79957,0.84148,0.76765,0.84061,0.79957,0.84177,0.73256,0.5504,1.10738,0.83859,0.98545,0,0.000275084,0.000275084,0.000275084
78,36249.8,0.39953,0.63837,0.53418,0.91956,0,0.85839,0.76267,0.83088,0.75751,0.85758,0.76079,0.82607,0.72491,0.54132,1.13248,0.85883,0.98109,0,0.000264085,0.000264085,0.000264085
79,36732.3,0.3942,0.61272,0.52918,0.91692,0,0.82643,0.76591,0.81301,0.74232,0.83528,0.76779,0.81419,0.71263,0.55085,1.13159,0.88624,0.98933,0,0.000253086,0.000253086,0.000253086
80,37172.4,0.39522,0.61875,0.52602,0.91047,0,0.8345,0.79521,0.84091,0.76912,0.83738,0.79607,0.83962,0.73949,0.5349,1.06645,0.78028,0.98061,0,0.000242087,0.000242087,0.000242087
81,37611.4,0.39035,0.60852,0.52724,0.90848,0,0.84121,0.79085,0.84119,0.76335,0.84647,0.78806,0.83814,0.72997,0.52799,1.0898,0.78339,0.97498,0,0.000231088,0.000231088,0.000231088
82,38050.9,0.39427,0.6166,0.52017,0.91215,0,0.85048,0.76527,0.83763,0.76102,0.81333,0.80391,0.83736,0.72429,0.53711,1.13039,0.79867,0.98174,0,0.000220089,0.000220089,0.000220089
83,38492.9,0.39019,0.61926,0.49561,0.90988,0,0.86026,0.77168,0.83543,0.76075,0.86127,0.77273,0.83383,0.73047,0.54629,1.11811,0.8372,0.991,0,0.00020909,0.00020909,0.00020909
84,38931.5,0.3904,0.61696,0.50295,0.91021,0,0.86376,0.76517,0.83698,0.75967,0.86483,0.76621,0.83545,0.73038,0.53086,1.08588,0.8005,0.97559,0,0.000198091,0.000198091,0.000198091
85,39371.3,0.38854,0.61078,0.50575,0.91441,0,0.8941,0.75452,0.83993,0.76719,0.89571,0.75528,0.83848,0.73368,0.52788,1.07494,0.79111,0.97774,0,0.000187092,0.000187092,0.000187092
86,39811.9,0.38406,0.60794,0.50095,0.90874,0,0.83613,0.79557,0.839,0.76597,0.84361,0.79293,0.83898,0.73593,0.53156,1.06342,0.80304,0.97933,0,0.000176094,0.000176094,0.000176094
87,40248.7,0.39201,0.61136,0.51958,0.91341,0,0.8915,0.76572,0.84035,0.76899,0.89151,0.76587,0.83642,0.73374,0.54801,1.11859,0.85593,0.99047,0,0.000165095,0.000165095,0.000165095
88,40687.8,0.38055,0.59757,0.49633,0.90737,0,0.85997,0.76049,0.83515,0.76317,0.85803,0.763,0.82918,0.72837,0.53264,1.08203,0.84168,0.97775,0,0.000154096,0.000154096,0.000154096
89,41125.9,0.38526,0.61014,0.50747,0.90942,0,0.8555,0.77244,0.82879,0.75592,0.84901,0.77745,0.82607,0.72648,0.53993,1.12551,0.85775,0.98323,0,0.000143097,0.000143097,0.000143097
90,41565.5,0.3765,0.5921,0.49045,0.90209,0,0.86605,0.76368,0.8363,0.76475,0.86663,0.76593,0.83668,0.73348,0.54382,1.09479,0.86039,0.98125,0,0.000132098,0.000132098,0.000132098
91,41976.6,0.34464,0.53362,0.33493,0.91143,0,0.8879,0.76981,0.8438,0.76693,0.889,0.77086,0.84206,0.73592,0.55042,1.15266,0.83512,0.99402,0,0.000121099,0.000121099,0.000121099
92,42386.2,0.33486,0.49853,0.30035,0.90108,0,0.88392,0.7678,0.8501,0.77953,0.8853,0.7688,0.8487,0.74635,0.54189,1.13232,0.81321,0.98996,0,0.0001101,0.0001101,0.0001101
93,42795.4,0.33654,0.49457,0.30037,0.9109,0,0.85151,0.78014,0.84862,0.77437,0.88231,0.76277,0.85189,0.74606,0.53705,1.10513,0.78864,0.98978,0,9.91012e-05,9.91012e-05,9.91012e-05
94,43204.3,0.33193,0.48267,0.29373,0.90329,0,0.88336,0.77358,0.84599,0.77362,0.88947,0.77802,0.85029,0.74253,0.53584,1.07427,0.80368,0.9888,0,8.81023e-05,8.81023e-05,8.81023e-05
95,43612.9,0.3286,0.48424,0.29399,0.89732,0,0.87292,0.7819,0.84607,0.77296,0.87388,0.78452,0.84477,0.74384,0.52921,1.04895,0.77318,0.98555,0,7.71034e-05,7.71034e-05,7.71034e-05
96,44021.5,0.32269,0.46407,0.27591,0.88887,0,0.86422,0.788,0.84729,0.77456,0.87493,0.79128,0.84962,0.743,0.53063,1.06003,0.77539,0.98433,0,6.61045e-05,6.61045e-05,6.61045e-05
97,44433,0.31966,0.46083,0.27508,0.88909,0,0.87967,0.77048,0.8485,0.77451,0.88452,0.77641,0.85169,0.74521,0.52429,1.08076,0.78305,0.98153,0,5.51056e-05,5.51056e-05,5.51056e-05
98,44841.5,0.31278,0.4545,0.2709,0.88531,0,0.88217,0.77543,0.85019,0.78001,0.88909,0.78172,0.85166,0.74683,0.52316,1.06198,0.77441,0.98201,0,4.41067e-05,4.41067e-05,4.41067e-05
99,45248.3,0.32033,0.46211,0.26752,0.88954,0,0.8777,0.7825,0.85067,0.77949,0.88557,0.78753,0.85258,0.75058,0.52475,1.06871,0.77253,0.98321,0,3.31078e-05,3.31078e-05,3.31078e-05
100,45658,0.31264,0.45174,0.26124,0.88628,0,0.88796,0.76833,0.84788,0.77671,0.8776,0.79145,0.85122,0.74968,0.52839,1.06795,0.78169,0.98511,0,2.21089e-05,2.21089e-05,2.21089e-05
