epoch,time,train/box_loss,train/cls_loss,train/dfl_loss,metrics/precision(B),metrics/recall(B),metrics/mAP50(B),metrics/mAP50-95(B),val/box_loss,val/cls_loss,val/dfl_loss,lr/pg0,lr/pg1,lr/pg2
1,3.57214,2.15605,5.39815,2.37895,0,0,0,0,2.83646,7.00202,3.00245,0,0,0
2,7.06365,2.30485,5.56449,2.50121,0,0,0,0,2.83646,7.00202,3.00245,3.9274e-05,3.9274e-05,3.9274e-05
3,10.5166,2.11162,5.87193,2.89705,0,0,0,0,2.83646,7.00202,3.00245,7.77625e-05,7.77625e-05,7.77625e-05
4,13.992,2.56338,6.26025,3.45496,0,0,0,0,2.86591,6.96041,3.07885,0.000115466,0.000115466,0.000115466
5,17.4582,2.65509,5.48981,3.05131,0,0,0,0,2.86591,6.96041,3.07885,0.000114288,0.000114288,0.000114288
6,20.8608,2.23516,5.43799,2.64676,0,0,0,0,2.86591,6.96041,3.07885,0.00011311,0.00011311,0.00011311
7,24.3483,2.19283,5.65057,2.31629,0,0,0,0,2.80033,6.89677,3.08981,0.000111931,0.000111931,0.000111931
8,27.7276,2.08795,5.72578,2.43371,0,0,0,0,2.80033,6.89677,3.08981,0.000110753,0.000110753,0.000110753
9,31.1969,2.085,5.06939,2.67987,0,0,0,0,2.80033,6.89677,3.08981,0.000109575,0.000109575,0.000109575
10,34.6688,1.88894,5.25465,2.13537,0,0,0,0,2.79121,6.87034,3.11872,0.000108397,0.000108397,0.000108397
11,38.1258,2.02608,5.11849,2.56554,0,0,0,0,2.79121,6.87034,3.11872,0.000107219,0.000107219,0.000107219
12,41.5267,2.13008,5.32595,2.47128,0,0,0,0,2.79121,6.87034,3.11872,0.000106041,0.000106041,0.000106041
13,45.0008,2.6914,6.07839,3.17492,0,0,0,0,2.70408,6.89499,3.02963,0.000104863,0.000104863,0.000104863
14,48.443,2.05257,5.05135,2.5275,0,0,0,0,2.70408,6.89499,3.02963,0.000103685,0.000103685,0.000103685
15,51.9095,1.92966,4.99732,2.32725,0,0,0,0,2.70408,6.89499,3.02963,0.000102507,0.000102507,0.000102507
16,55.3512,1.93935,5.3249,2.80667,0,0,0,0,2.5696,6.9493,3.01009,0.000101329,0.000101329,0.000101329
17,58.7729,1.91315,5.20609,2.47495,0,0,0,0,2.5696,6.9493,3.01009,0.00010015,0.00010015,0.00010015
18,62.2224,2.01789,5.04859,2.30891,0,0,0,0,2.5696,6.9493,3.01009,9.89723e-05,9.89723e-05,9.89723e-05
19,65.711,1.92394,5.04964,2.33898,0,0,0,0,2.57151,6.83627,2.97857,9.77942e-05,9.77942e-05,9.77942e-05
20,69.1109,1.79369,5.17413,2.27337,0,0,0,0,2.57151,6.83627,2.97857,9.66161e-05,9.66161e-05,9.66161e-05
21,72.5353,1.77819,4.7741,2.27278,0,0,0,0,2.57151,6.83627,2.97857,9.5438e-05,9.5438e-05,9.5438e-05
22,75.9989,1.81463,4.76725,2.35274,0,0,0,0,2.54045,6.69185,2.91409,9.42599e-05,9.42599e-05,9.42599e-05
23,79.4385,1.63282,4.85686,2.15255,0,0,0,0,2.54045,6.69185,2.91409,9.30818e-05,9.30818e-05,9.30818e-05
24,82.851,1.76165,4.88696,2.33511,0,0,0,0,2.54045,6.69185,2.91409,9.19037e-05,9.19037e-05,9.19037e-05
25,86.3748,1.57979,4.83865,2.2346,0,0,0,0,2.4837,6.65196,2.91754,9.07256e-05,9.07256e-05,9.07256e-05
26,89.9187,1.45296,4.85578,2.0378,0,0,0,0,2.4837,6.65196,2.91754,8.95475e-05,8.95475e-05,8.95475e-05
27,93.3783,1.62976,4.66488,2.06813,0,0,0,0,2.4837,6.65196,2.91754,8.83694e-05,8.83694e-05,8.83694e-05
28,96.852,1.76701,4.73642,2.22134,0,0,0,0,2.50715,6.65677,2.95937,8.71913e-05,8.71913e-05,8.71913e-05
29,100.342,2.09398,5.13526,2.34549,0,0,0,0,2.50715,6.65677,2.95937,8.60132e-05,8.60132e-05,8.60132e-05
30,103.771,1.64749,4.59359,2.085,0,0,0,0,2.50715,6.65677,2.95937,8.48351e-05,8.48351e-05,8.48351e-05
31,107.256,1.71563,4.73714,2.16956,0,0,0,0,2.6083,6.57889,3.05822,8.3657e-05,8.3657e-05,8.3657e-05
32,110.681,1.623,4.83733,1.99388,0,0,0,0,2.6083,6.57889,3.05822,8.24789e-05,8.24789e-05,8.24789e-05
33,114.097,1.54473,4.65259,2.07807,0,0,0,0,2.6083,6.57889,3.05822,8.13008e-05,8.13008e-05,8.13008e-05
34,117.544,1.40287,4.60033,2.13489,0,0,0,0,2.54461,6.66144,3.05237,8.01227e-05,8.01227e-05,8.01227e-05
35,120.988,1.48145,4.3866,1.95027,0,0,0,0,2.54461,6.66144,3.05237,7.89446e-05,7.89446e-05,7.89446e-05
36,124.445,1.50515,4.36551,1.92552,0,0,0,0,2.54461,6.66144,3.05237,7.77665e-05,7.77665e-05,7.77665e-05
37,127.917,2.00401,5.25013,2.6746,0,0,0,0,2.52219,6.66559,3.07682,7.65884e-05,7.65884e-05,7.65884e-05
38,131.372,1.53863,4.43203,2.13555,0,0,0,0,2.52219,6.66559,3.07682,7.54103e-05,7.54103e-05,7.54103e-05
39,134.827,1.62592,4.24359,2.19079,0,0,0,0,2.52219,6.66559,3.07682,7.42322e-05,7.42322e-05,7.42322e-05
40,138.297,1.73466,5.76261,2.30142,0,0,0,0,2.54118,6.67591,3.12906,7.30541e-05,7.30541e-05,7.30541e-05
41,141.816,1.52717,4.46298,2.07443,0,0,0,0,2.54118,6.67591,3.12906,7.1876e-05,7.1876e-05,7.1876e-05
42,145.287,1.74166,4.53035,2.33034,0,0,0,0,2.54118,6.67591,3.12906,7.06979e-05,7.06979e-05,7.06979e-05
43,148.752,1.51823,5.10275,2.28574,0,0,0,0,2.54379,6.67117,3.1236,6.95198e-05,6.95198e-05,6.95198e-05
44,152.16,1.62512,4.43616,2.26467,0,0,0,0,2.54379,6.67117,3.1236,6.83417e-05,6.83417e-05,6.83417e-05
45,155.632,1.56826,4.30729,2.18766,0,0,0,0,2.54379,6.67117,3.1236,6.71636e-05,6.71636e-05,6.71636e-05
46,159.135,1.59031,4.75526,2.2531,0,0,0,0,2.54218,6.70447,3.15238,6.59855e-05,6.59855e-05,6.59855e-05
47,162.591,1.50435,4.53834,1.83481,0,0,0,0,2.54218,6.70447,3.15238,6.48074e-05,6.48074e-05,6.48074e-05
48,166.045,1.37434,4.20064,1.9086,0,0,0,0,2.54218,6.70447,3.15238,6.36293e-05,6.36293e-05,6.36293e-05
49,169.501,1.68819,4.65293,2.23424,0,0,0,0,2.56261,6.69372,3.20437,6.24512e-05,6.24512e-05,6.24512e-05
50,172.965,1.65567,4.22875,2.15456,0,0,0,0,2.56261,6.69372,3.20437,6.12731e-05,6.12731e-05,6.12731e-05
51,176.434,1.23195,4.10802,1.80624,0,0,0,0,2.56261,6.69372,3.20437,6.0095e-05,6.0095e-05,6.0095e-05
52,179.916,1.59289,4.85636,2.10441,0,0,0,0,2.57121,6.6808,3.20227,5.89169e-05,5.89169e-05,5.89169e-05
53,183.335,1.42351,4.41791,2.02255,0,0,0,0,2.57121,6.6808,3.20227,5.77388e-05,5.77388e-05,5.77388e-05
54,186.761,1.55114,4.47125,2.11163,0,0,0,0,2.57121,6.6808,3.20227,5.65607e-05,5.65607e-05,5.65607e-05
55,190.211,1.50078,4.20026,1.79086,0,0,0,0,2.58718,6.62073,3.2255,5.53826e-05,5.53826e-05,5.53826e-05
56,193.656,1.37409,4.69794,1.62967,0,0,0,0,2.58718,6.62073,3.2255,5.42045e-05,5.42045e-05,5.42045e-05
57,197.102,1.28699,4.04085,1.7329,0,0,0,0,2.58718,6.62073,3.2255,5.30264e-05,5.30264e-05,5.30264e-05
58,200.798,1.78111,4.22544,2.18297,0,0,0,0,2.56404,6.63864,3.22859,5.18483e-05,5.18483e-05,5.18483e-05
59,204.535,1.68917,4.44657,2.31826,0,0,0,0,2.56404,6.63864,3.22859,5.06702e-05,5.06702e-05,5.06702e-05
60,208.104,1.77643,4.3062,2.36106,0,0,0,0,2.56404,6.63864,3.22859,4.94921e-05,4.94921e-05,4.94921e-05
61,211.62,1.30472,3.96571,1.75951,0,0,0,0,2.54322,6.68964,3.17447,4.8314e-05,4.8314e-05,4.8314e-05
62,215.012,1.55835,3.99548,2.14231,0,0,0,0,2.54322,6.68964,3.17447,4.71359e-05,4.71359e-05,4.71359e-05
63,218.425,1.69212,4.94927,2.43027,0,0,0,0,2.54322,6.68964,3.17447,4.59578e-05,4.59578e-05,4.59578e-05
64,221.96,1.43762,3.94232,1.93733,0,0,0,0,2.56176,6.71709,3.16301,4.47797e-05,4.47797e-05,4.47797e-05
65,225.41,1.42755,4.46301,1.76587,0,0,0,0,2.56176,6.71709,3.16301,4.36016e-05,4.36016e-05,4.36016e-05
66,228.87,1.42451,3.90691,1.94217,0,0,0,0,2.56176,6.71709,3.16301,4.24235e-05,4.24235e-05,4.24235e-05
67,232.38,1.38128,4.02305,1.73667,0,0,0,0,2.55836,6.72507,3.17115,4.12454e-05,4.12454e-05,4.12454e-05
68,235.775,1.97231,4.22575,2.27495,0,0,0,0,2.55836,6.72507,3.17115,4.00673e-05,4.00673e-05,4.00673e-05
69,239.231,1.38083,3.94966,2.08664,0,0,0,0,2.55836,6.72507,3.17115,3.88892e-05,3.88892e-05,3.88892e-05
70,242.738,1.39408,4.70228,1.96669,0,0,0,0,2.55807,6.75336,3.15888,3.77111e-05,3.77111e-05,3.77111e-05
71,246.213,1.47347,4.41464,1.96537,0,0,0,0,2.55807,6.75336,3.15888,3.6533e-05,3.6533e-05,3.6533e-05
72,249.661,1.2606,4.55928,1.66092,0,0,0,0,2.55807,6.75336,3.15888,3.53549e-05,3.53549e-05,3.53549e-05
73,253.187,1.43006,3.69193,2.01698,0,0,0,0,2.59604,6.74959,3.17527,3.41768e-05,3.41768e-05,3.41768e-05
74,256.634,1.43043,4.03407,1.84302,0,0,0,0,2.59604,6.74959,3.17527,3.29987e-05,3.29987e-05,3.29987e-05
75,260.056,1.6106,3.88486,2.28739,0,0,0,0,2.59604,6.74959,3.17527,3.18206e-05,3.18206e-05,3.18206e-05
76,263.558,1.3343,4.04429,1.85397,0,0,0,0,2.60318,6.75132,3.16951,3.06425e-05,3.06425e-05,3.06425e-05
77,267.043,1.43976,4.01719,2.02071,0,0,0,0,2.60318,6.75132,3.16951,2.94644e-05,2.94644e-05,2.94644e-05
78,270.516,1.4206,4.15186,1.96567,0,0,0,0,2.60318,6.75132,3.16951,2.82863e-05,2.82863e-05,2.82863e-05
79,273.977,1.35601,3.74101,1.77055,0,0,0,0,2.64911,6.71747,3.19381,2.71082e-05,2.71082e-05,2.71082e-05
80,277.449,1.58745,4.05959,1.89996,0,0,0,0,2.64911,6.71747,3.19381,2.59301e-05,2.59301e-05,2.59301e-05
81,280.878,1.39001,4.03144,2.03483,0,0,0,0,2.64911,6.71747,3.19381,2.4752e-05,2.4752e-05,2.4752e-05
82,284.395,1.34617,3.58642,1.91653,0,0,0,0,2.65436,6.75061,3.18724,2.35739e-05,2.35739e-05,2.35739e-05
83,287.867,1.10052,3.69813,1.81227,0,0,0,0,2.65436,6.75061,3.18724,2.23958e-05,2.23958e-05,2.23958e-05
84,291.337,1.15506,3.70812,1.89794,0,0,0,0,2.65436,6.75061,3.18724,2.12177e-05,2.12177e-05,2.12177e-05
85,294.828,1.29926,3.72997,1.7931,0,0,0,0,2.65827,6.77173,3.17783,2.00396e-05,2.00396e-05,2.00396e-05
86,298.259,1.87411,4.41162,2.39019,0,0,0,0,2.65827,6.77173,3.17783,1.88615e-05,1.88615e-05,1.88615e-05
87,301.711,1.32192,3.88968,1.84076,0,0,0,0,2.65827,6.77173,3.17783,1.76834e-05,1.76834e-05,1.76834e-05
88,305.189,1.11298,4.12924,1.66144,0,0,0,0,2.66228,6.78924,3.15659,1.65053e-05,1.65053e-05,1.65053e-05
89,308.633,1.54134,4.40404,2.01482,0,0,0,0,2.66228,6.78924,3.15659,1.53272e-05,1.53272e-05,1.53272e-05
90,312.128,1.37192,3.69669,1.77779,0,0,0,0,2.66228,6.78924,3.15659,1.41491e-05,1.41491e-05,1.41491e-05
91,315.607,1.49375,4.39508,2.27692,0,0,0,0,2.6672,6.78589,3.15295,1.2971e-05,1.2971e-05,1.2971e-05
92,319.076,1.25224,4.04484,1.90229,0,0,0,0,2.6672,6.78589,3.15295,1.17929e-05,1.17929e-05,1.17929e-05
93,322.486,1.91124,4.36444,2.64974,0,0,0,0,2.6672,6.78589,3.15295,1.06148e-05,1.06148e-05,1.06148e-05
94,325.955,1.73086,4.83473,2.24924,0,0,0,0,2.64973,6.81578,3.13158,9.4367e-06,9.4367e-06,9.4367e-06
95,329.398,1.94038,4.51347,2.63259,0,0,0,0,2.64973,6.81578,3.13158,8.2586e-06,8.2586e-06,8.2586e-06
96,332.841,1.821,4.43357,2.37559,0,0,0,0,2.64973,6.81578,3.13158,7.0805e-06,7.0805e-06,7.0805e-06
97,336.303,1.38276,4.07997,2.0743,0,0,0,0,2.66663,6.95726,3.09077,5.9024e-06,5.9024e-06,5.9024e-06
98,339.74,1.98306,4.52987,2.81037,0,0,0,0,2.66663,6.95726,3.09077,4.7243e-06,4.7243e-06,4.7243e-06
99,343.103,1.22839,4.03823,1.82581,0,0,0,0,2.66663,6.95726,3.09077,3.5462e-06,3.5462e-06,3.5462e-06
100,346.567,1.43456,4.06546,2.05228,0,0,0,0,2.6708,6.98699,3.07432,2.3681e-06,2.3681e-06,2.3681e-06
